,,,,,,,,,,,,MaxLv_preAdjust,,,MaxLv120minConversion,
STATE,DATE,TIME,JDM CODE,PANEL-ID,SERIAL,LINE,POWER ON TIME(min),ETI(h),Integlated AgingTime(min),InternalTemp,Calc EnvTemp,u',v',Lv,u',v',Lv
OK,20201020,131735,NX,YDAS011DNS0101,3735,S3,16,0.5,46,255,237.99196034403,0.193314772746682,0.445334517567083,579.4,0.194063711254843,0.441826965814211,530.500548859902
OK,20201020,132424,NX,YDAS011DNS0101,20780,S3,5,0,5,235,229.595852422847,0.190742063234435,0.449035902096994,614.8,0.192145358704301,0.44340247979957,531.956016462083
OK,20201020,132518,NX,YDAS011DNS0101,20781,S3,3,0,3,230,227.777153166741,0.190948058086282,0.448921883403687,612.1,0.192473656568268,0.442746373135741,523.480807856802
OK,20201020,132619,NX,YDAS011DNS0101,20782,S3,4,0,4,235,231.136149278459,0.1913522569836,0.449101072912975,619.5,0.19268287393856,0.443672954023447,539.413502569946
OK,20201020,132725,NX,YDAS011DNS0101,20783,S3,3,0,3,235,232.777153166741,0.191097691633389,0.450131489237362,616.2,0.19234613973985,0.4449365123097,539.974239363152
OK,20201020,132916,NX,YDAS011DNS0101,20784,S3,3,0,3,230,227.777153166741,0.190746356255502,0.448694121099482,611.6,0.192271954737488,0.442518610831536,523.053197329227
OK,20201020,133050,NX,YDAS011DNS0101,20785,S3,4,0,4,230,226.136149278459,0.191834950041295,0.447442146685884,614,0.193431847246589,0.441059400139172,522.215049832142
OK,20201020,133227,NX,YDAS011DNS0101,20786,S3,5,0,5,235,229.595852422847,0.190355933454137,0.446823164782184,605.5,0.191759228924004,0.441189742484761,523.909186675002
OK,20201020,133332,NX,YDAS011DNS0101,20787,S3,4,0,4,235,231.136149278459,0.191330776467183,0.448295824589333,619.5,0.192661393422142,0.442867705699805,539.413502569946
OK,20201020,133440,NX,YDAS011DNS0101,20788,S3,3,0,3,230,227.777153166741,0.19135225375626,0.448347245409015,596.8,0.192877852238246,0.442171735141069,510.39592571302
OK,20201020,133541,NX,YDAS011DNS0101,20789,S3,3,0,3,230,227.777153166741,0.192610869007947,0.448226416303512,621.7,0.194136467489932,0.442050906035566,531.690929986234
OK,20201020,133646,NX,YDAS011DNS0101,20790,S3,3,0,3,230,227.777153166741,0.191681554824598,0.448940575378604,597.5,0.193207153306584,0.442765065110658,510.994580451624
OK,20201020,133810,NX,YDAS011DNS0101,20791,S3,3,0,3,230,227.777153166741,0.192653637106989,0.448982700293406,622.3,0.194179235588974,0.44280719002546,532.204062619323
OK,20201020,133922,NX,YDAS011DNS0101,20792,S3,3,0,3,230,227.777153166741,0.192127973058304,0.448806567038518,592.3,0.193653571540289,0.442631056770572,506.547430964848
OK,20201020,134028,NX,YDAS011DNS0101,20793,S3,3,0,3,230,227.777153166741,0.193542074363992,0.447578277886497,609.9,0.195067672845978,0.441402767618551,521.599321535474
OK,20201020,134137,NX,YDAS011DNS0101,20794,S3,3,0,3,230,227.777153166741,0.190607780792729,0.448793927186163,599.1,0.192133379274714,0.442618416918217,512.362934139863
OK,20201020,134514,NX,YDAS011DNS0101,20795,S3,5,0,5,240,234.595852422847,0.193041232901338,0.446992106424357,607.8,0.194163507650152,0.442369738083492,539.384097919766
OK,20201020,134624,NX,YDAS011DNS0101,20796,S3,5,0,5,235,229.595852422847,0.191946152953464,0.447545549495184,599.9,0.193349448423331,0.44191212719776,519.063783792459
OK,20201020,134728,NX,YDAS011DNS0101,20797,S3,5,0,5,235,229.595852422847,0.190729312879461,0.448277007666049,599.7,0.192132608349328,0.442643585368626,518.890733689511
OK,20201020,134851,NX,YDAS011DNS0101,20798,S3,3,0,3,230,227.777153166741,0.191037446286065,0.446998158379374,606.8,0.192563044768051,0.440822648111428,518.948136264511
OK,20201020,135002,NX,YDAS011DNS0101,20799,S3,3,0,3,230,227.777153166741,0.192421488479,0.448279796884806,611.1,0.193947086960985,0.44210428661686,522.625586801653
OK,20201020,135144,NX,YDAS011DNS0101,20800,S3,4,0,4,235,231.136149278459,0.193563550015803,0.446896451118801,612.7,0.194894166970763,0.441468332229273,533.492579539316
OK,20201020,135310,NX,YDAS011DNS0101,20801,S3,4,0,4,235,231.136149278459,0.192972736068271,0.447733794209826,601.6,0.194303353023231,0.442305675320298,523.827543415787
OK,20201020,135429,NX,YDAS011DNS0101,20802,S3,4,0,4,230,226.136149278459,0.191088561812428,0.446827749033003,593,0.192685459017722,0.440445002486292,504.35427451215
OK,20201020,135534,NX,YDAS011DNS0101,20803,S3,3,0,3,230,227.777153166741,0.191533377062415,0.449568595791917,594,0.193058975544401,0.443393085523971,508.001306758602
OK,20201020,135648,NX,YDAS011DNS0101,20804,S3,3,0,3,230,227.777153166741,0.19152593791081,0.448149458994843,590.9,0.193051536392796,0.441973948726897,505.35012148764
OK,20201020,135755,NX,YDAS011DNS0101,20805,S3,3,0,3,230,227.777153166741,0.191027263129901,0.448161370651237,617.9,0.192552861611887,0.441985860383291,528.441089976667
OK,20201020,135915,NX,YDAS011DNS0101,20806,S3,3,0,3,230,227.777153166741,0.191985226832425,0.450293072604513,606.9,0.193510825314411,0.444117562336567,519.033658370026
OK,20201020,140029,NX,YDAS011DNS0101,20807,S3,3,0,3,230,227.777153166741,0.191411084264318,0.446813884375447,589.7,0.192936682746304,0.440638374107501,504.323856221461
OK,20201020,140134,NX,YDAS011DNS0101,20808,S3,3,0,3,230,227.777153166741,0.194044078706156,0.44517863690064,607.1,0.195569677188141,0.439003126632694,519.204702581056
OK,20201020,140240,NX,YDAS011DNS0101,20809,S3,3,0,3,230,227.777153166741,0.194043598403439,0.449070193927424,601.3,0.195569196885424,0.442894683659478,514.244420461191
OK,20201020,140351,NX,YDAS011DNS0101,20810,S3,3,0,3,230,227.777153166741,0.191705675200955,0.449793636922118,577.6,0.193231273682941,0.443618126654172,493.975681454156
OK,20201020,140506,NX,YDAS011DNS0101,20811,S3,3,0,3,230,227.777153166741,0.193814848393271,0.446887277122998,591.5,0.195340446875257,0.440711766855052,505.863254120729
OK,20201020,140611,NX,YDAS011DNS0101,20812,S3,3,0,3,230,227.777153166741,0.191961006877212,0.451367096214195,600.9,0.193486605359197,0.445191585946249,513.902332039131
OK,20201020,140809,NX,YDAS011DNS0101,20813,S3,4,0,4,230,226.136149278459,0.191249314374921,0.448993713345428,591.2,0.192846211580215,0.442610966798717,502.823350913294
OK,20201020,140915,NX,YDAS011DNS0101,20814,S3,4,0,4,235,231.136149278459,0.191454994350755,0.449529229610411,596.8,0.192785611305715,0.444101110720883,519.648068335341
OK,20201020,141023,NX,YDAS011DNS0101,20815,S3,4,0,4,235,231.136149278459,0.192270122427716,0.446600677259703,609.6,0.193600739382675,0.441172558370175,530.793335216528
OK,20201020,141139,NX,YDAS011DNS0101,20816,S3,3,0,3,230,227.777153166741,0.192570845669644,0.448063095563904,600.3,0.19409644415163,0.441887585295958,513.389199406042
OK,20201020,141315,NX,YDAS011DNS0101,20817,S3,4,0,4,235,231.136149278459,0.19157183943979,0.447242716018507,596.1,0.192902456394749,0.441814597128979,519.038561552777
OK,20201020,144056,NX,YDAS011DNS0101,20818,S3,30,0.5,30,285,259.988756126792,0.191849797311713,0.446255600597397,581,0.191849797379186,0.446255600812417,581.000000095654
OK,20201020,144238,NX,YDAS011DNS0101,20819,S3,31,0.5,31,280,254.988756126792,0.191836629451048,0.447721940025269,578.8,0.191836629518521,0.447721940240288,578.800000095292
OK,20201020,144348,NX,YDAS011DNS0101,20820,S3,30,0.5,30,270,247.082913350469,0.193387235746177,0.447105718935761,570.8,0.193567386355468,0.446050443283212,557.168520039238
OK,20201020,144504,NX,YDAS011DNS0101,20821,S3,4,0,4,230,226.136149278459,0.190977707565385,0.449936056571128,598.1,0.192574604770679,0.443553310024416,508.691891375577
OK,20201020,144624,NX,YDAS011DNS0101,20822,S3,3,0,3,230,227.777153166741,0.191741436573638,0.446735735884598,600.8,0.193267035055624,0.440560225616652,513.816809933616
OK,20201020,144749,NX,YDAS011DNS0101,20823,S3,4,0,4,230,226.136149278459,0.191015729138896,0.447930551852839,597.4,0.192612626344191,0.441547805306128,508.096532198244
OK,20201020,144854,NX,YDAS011DNS0101,20824,S3,3,0,3,230,227.777153166741,0.191293396582847,0.448016456068175,592.9,0.192818995064833,0.441840945800229,507.060563597938
OK,20201020,144959,NX,YDAS011DNS0101,20825,S3,3,0,3,230,227.777153166741,0.190651471953594,0.447748317708633,605.5,0.19217707043558,0.441572807440687,517.836348892817
OK,20201020,145128,NX,YDAS011DNS0101,20826,S3,3,0,3,230,227.777153166741,0.190966066568454,0.448850158555769,599.2,0.192491665050439,0.442674648287823,512.448456245378
OK,20201020,145239,NX,YDAS011DNS0101,20827,S3,3,0,3,230,227.777153166741,0.192021590621574,0.448671670743021,591.1,0.193547189103559,0.442496160475075,505.52116569867
OK,20201020,145416,NX,YDAS011DNS0101,20828,S3,4,0,4,230,226.136149278459,0.190919674039581,0.447183276813281,589,0.192516571244875,0.44080053026657,500.952222070247
OK,20201020,145523,NX,YDAS011DNS0101,20830,S3,3,0,3,230,227.777153166741,0.193807404295881,0.44639034517299,614,0.195333002777867,0.440214834905044,525.105727861585
OK,20201020,145628,NX,YDAS011DNS0101,20831,S3,3,0,3,235,232.777153166741,0.190786342343245,0.446704576767955,594.4,0.192034790449706,0.441509599840293,520.870963773868
OK,20201020,145750,NX,YDAS011DNS0101,20832,S3,3,0,3,230,227.777153166741,0.190308749989634,0.447749682791107,599.9,0.191834348471619,0.441574172523161,513.047110983982
OK,20201020,145857,NX,YDAS011DNS0101,20833,S3,3,0,3,235,232.777153166741,0.191490943330773,0.449438759075253,604.6,0.192739391437234,0.444243782147591,529.809193636744
OK,20201020,150003,NX,YDAS011DNS0101,20834,S3,3,0,3,230,227.777153166741,0.190674049778752,0.449260189267223,610.3,0.192199648260738,0.443084678999277,521.941409957533
OK,20201020,150110,NX,YDAS011DNS0101,20835,S3,3,0,3,230,227.777153166741,0.190601639938091,0.446858431850364,603.1,0.192127238420076,0.440682921582418,515.783818360459
OK,20201020,150223,NX,YDAS011DNS0101,20836,S3,3,0,3,235,232.777153166741,0.191993437243642,0.446677604593929,605,0.193241885350104,0.441482627666267,530.159712454896
OK,20201020,150334,NX,YDAS011DNS0101,20837,S3,3,0,3,230,227.777153166741,0.191398499187536,0.446814243837115,608,0.192924097669522,0.440638733569169,519.97440153069
OK,20201020,150443,NX,YDAS011DNS0101,20838,S3,3,0,3,235,232.777153166741,0.192479106323294,0.447792781203575,599.5,0.193727554429755,0.442597804275913,525.340078705306
OK,20201020,150553,NX,YDAS011DNS0101,20839,S3,3,0,3,230,227.777153166741,0.191369729747556,0.449280261183571,605.5,0.192895328229541,0.443104750915624,517.836348892817
OK,20201020,150708,NX,YDAS011DNS0101,20840,S3,3,0,3,230,227.777153166741,0.190240585859744,0.447651891838757,607.2,0.19176618434173,0.441476381570811,519.290224686571
OK,20201020,151012,NX,YDAS011DNS0101,20841,S3,5,0,5,240,234.595852422847,0.192818104396286,0.447830796325542,601.8,0.1939403791451,0.443208427984676,534.059477012364
OK,20201020,151133,NX,YDAS011DNS0101,20842,S3,5,0,5,240,234.595852422847,0.190575616491408,0.450162910327757,594.1,0.191697891240222,0.445540541986892,527.226213514532
OK,20201020,151247,NX,YDAS011DNS0101,20843,S3,5,0,5,235,229.595852422847,0.191736358367144,0.44765256272253,600.7,0.193139653837011,0.442019140425107,519.755984204251
OK,20201020,151353,NX,YDAS011DNS0101,20844,S3,3,0,3,230,227.777153166741,0.192894390564842,0.447755738583752,612.5,0.194419989046828,0.441580228315806,523.822896278862
OK,20201020,151458,NX,YDAS011DNS0101,20845,S3,3,0,3,230,227.777153166741,0.19198327983877,0.447637530790475,599.7,0.193508878320756,0.441462020522529,512.876066772952
OK,20201020,151603,NX,YDAS011DNS0101,20846,S3,3,0,3,230,227.777153166741,0.193141067730693,0.448280216172534,591.7,0.194666666212679,0.442104705904588,506.034298331759
OK,20201020,151712,NX,YDAS011DNS0101,20847,S3,3,0,3,230,227.777153166741,0.19335074327039,0.448523503415026,595.4,0.194876341752375,0.44234799314708,509.198616235811
OK,20201020,151822,NX,YDAS011DNS0101,20848,S3,3,0,3,230,227.777153166741,0.19053171641791,0.449535247867804,599.7,0.192057314899896,0.443359737599858,512.876066772952
OK,20201020,151927,NX,YDAS011DNS0101,20849,S3,3,0,3,230,227.777153166741,0.190911099653826,0.451646166310672,613.2,0.192436698135812,0.445470656042726,524.421551017466
OK,20201020,152043,NX,YDAS011DNS0101,20850,S3,3,0,3,230,227.777153166741,0.190263351702771,0.449958097366483,590.6,0.191788950184756,0.443782587098537,505.093555171095
OK,20201020,152158,NX,YDAS011DNS0101,20851,S3,3,0,3,235,232.777153166741,0.191213953720826,0.447173771802689,596.5,0.192462401827287,0.441978794875026,522.711187569166
OK,20201020,152325,NX,YDAS011DNS0101,20852,S3,3,0,3,235,232.777153166741,0.192287791055809,0.444400640630775,601.2,0.19353623916227,0.439205663703112,526.829783682452
OK,20201020,152433,NX,YDAS011DNS0101,20853,S3,3,0,3,230,227.777153166741,0.192699449290901,0.449217798138311,614.5,0.194225047772887,0.443042287870365,525.53333838916
OK,20201020,152541,NX,YDAS011DNS0101,20854,S3,3,0,3,230,227.777153166741,0.190781524383367,0.448687793011229,618.9,0.192307122865353,0.442512282743283,529.296311031816
OK,20201020,152703,NX,YDAS011DNS0101,20855,S3,3,0,3,230,227.777153166741,0.19161980037493,0.44968840249278,591.7,0.193145398856916,0.443512892224834,506.034298331759
OK,20201020,152808,NX,YDAS011DNS0101,20856,S3,3,0,3,230,227.777153166741,0.192198465807083,0.450293781622327,613.1,0.193724064289069,0.444118271354381,524.336028911951
OK,20201020,152958,NX,YDAS011DNS0101,20857,S3,3,0,3,230,227.777153166741,0.190810837815784,0.448733534280338,598.8,0.192336436297769,0.442558024012392,512.106367823318
OK,20201020,153202,NX,YDAS011DNS0101,20858,S3,3,0,3,230,227.777153166741,0.191755117358635,0.450539678395732,613.6,0.193280715840621,0.444364168127785,524.763639439526
OK,20201020,153256,NX,YDAS011DNS0101,20859,S3,3,0,3,230,227.777153166741,0.192053520437301,0.448641592559354,611,0.193579118919287,0.442466082291408,522.540064696138
OK,20201020,153425,NX,YDAS011DNS0101,20860,S3,3,0,3,230,227.777153166741,0.191037677425747,0.447447298669771,602.1,0.192563275907733,0.441271788401825,514.92859730531
OK,20201020,153520,NX,YDAS011DNS0101,20862,S3,3,0,3,230,227.777153166741,0.191243800076307,0.448612170927127,627.1,0.192769398558292,0.442436660659181,536.309123684039
OK,20201020,153623,NX,YDAS011DNS0101,20863,S3,3,0,3,225,222.777153166741,0.190884665631393,0.44938253346151,607.7,0.192662099122723,0.442307153059647,508.519163022247
OK,20201020,153736,NX,YDAS011DNS0101,20864,S3,3,0,3,230,227.777153166741,0.191213740267726,0.447356394426118,598.2,0.192739338749711,0.441180884158172,511.593235190229
OK,20201020,153904,NX,YDAS011DNS0101,20865,S3,3,0,3,230,227.777153166741,0.191423849116125,0.449731942848034,595.6,0.19294944759811,0.443556432580088,509.369660446841
OK,20201020,154026,NX,YDAS011DNS0101,20866,S3,3,0,3,230,227.777153166741,0.190327690738237,0.449958945351702,602.8,0.191853289220223,0.443783435083755,515.527252043915
OK,20201020,154145,NX,YDAS011DNS0101,20867,S3,3,0,3,230,227.777153166741,0.193057232255044,0.447387223139274,605.3,0.19458283073703,0.441211712871328,517.665304681788
OK,20201020,154317,NX,YDAS011DNS0101,20868,S3,3,0,3,230,227.777153166741,0.190060694868827,0.449366825133837,599.7,0.191586293350813,0.443191314865891,512.876066772952
OK,20201020,154441,NX,YDAS011DNS0101,20869,S3,4,0,4,235,231.136149278459,0.191278716370933,0.450760635153251,601.5,0.192609333325893,0.445332516263723,523.740471018277
OK,20201020,154626,NX,YDAS011DNS0101,20870,S3,4,0,4,235,231.136149278459,0.193120756781106,0.447118633160655,617.6,0.194451373736066,0.441690514271127,537.75912701727
OK,20201020,154744,NX,YDAS011DNS0101,20871,S3,4,0,4,230,226.136149278459,0.191653211831238,0.447424702232516,588.1,0.193250109036532,0.441041955685805,500.186760270819
OK,20201020,154912,NX,YDAS011DNS0101,20872,S3,4,0,4,235,231.136149278459,0.191711847950302,0.448287120971276,579.7,0.193042464905261,0.442859002081748,504.758688361256
OK,20201020,155021,NX,YDAS011DNS0101,20873,S3,3,0,3,235,232.777153166741,0.190777068378048,0.446888749214331,600.4,0.192025516484509,0.441693772286668,526.128746046148
OK,20201020,155156,NX,YDAS011DNS0101,20874,S3,4,0,4,230,226.136149278459,0.192621673308116,0.447274197760722,589.9,0.19421857051341,0.440891451214011,501.717683869675
OK,20201020,155316,NX,YDAS011DNS0101,20875,S3,3,0,3,230,227.777153166741,0.190520415270822,0.448746227072208,601.3,0.192046013752807,0.442570716804262,514.244420461191
OK,20201020,155436,NX,YDAS011DNS0101,20876,S3,4,0,4,230,226.136149278459,0.192645052303294,0.450701708790852,616.6,0.194241949508588,0.44431896224414,524.426383919379
OK,20201020,155555,NX,YDAS011DNS0101,20877,S3,3,0,3,230,227.777153166741,0.193587638660855,0.448023535883054,597.3,0.195113237142841,0.441848025615108,510.823536240594
OK,20201020,155714,NX,YDAS011DNS0101,20879,S3,4,0,4,230,226.136149278459,0.190810487090764,0.448338102209209,598.9,0.192407384296058,0.441955355662498,509.372301863958
OK,20201020,155833,NX,YDAS011DNS0101,20861,S3,3,0,3,230,227.777153166741,0.191534645675812,0.448319268577486,601.5,0.193060244157798,0.44214375830954,514.415464672221
OK,20201020,155955,NX,YDAS011DNS0101,20880,S3,4,0,4,230,226.136149278459,0.192463213303027,0.449910276348846,626.8,0.194060110508321,0.443527529802134,533.101617646232
OK,20201020,160111,NX,YDAS011DNS0101,20829,S3,3,0,3,230,227.777153166741,0.190865409278227,0.448145551546656,582.4,0.192391007760213,0.44197004127871,498.080742518872
OK,20201020,160250,NX,YDAS011DNS0101,20881,S3,4,0,4,235,231.136149278459,0.192543512658228,0.449540150316456,606.1,0.193874129613187,0.444112031426928,527.745801303704
OK,20201020,160546,NX,YDAS011DNS0101,20882,S3,5,0,5,240,234.595852422847,0.192627275125297,0.449658731205487,606.1,0.19374954987411,0.445036362864621,537.875455329335
OK,20201020,160757,NX,YDAS011DNS0101,20878,S3,6,0,6,240,233.1512388033,0.191222178706242,0.449598773404885,599.5,0.192418331969311,0.444673785484395,528.86889974257
OK,20201020,160953,NX,YDAS011DNS0101,20883,S3,7,0,7,240,231.797474225983,0.193001341437159,0.447667389828263,600.7,0.194163154626817,0.442564467222079,527.1206499942
OK,20201020,161241,NX,YDAS011DNS0101,20884,S3,6,0,6,240,233.1512388033,0.192320103259116,0.449623948171867,603.8,0.193516256522185,0.444698960251377,532.662288014285
OK,20201020,161413,NX,YDAS011DNS0101,20885,S3,6,0,6,240,233.1512388033,0.192176039119804,0.450733496332518,614.5,0.193372192382873,0.445808508412029,542.101649527622
OK,20201020,161608,NX,YDAS011DNS0101,20886,S3,6,0,6,240,233.1512388033,0.193009496345647,0.447770098940983,600.4,0.194205649608716,0.442845111020494,529.662864729673
OK,20201020,161722,NX,YDAS011DNS0101,20887,S3,4,0,4,235,231.136149278459,0.191507588859974,0.449658137617793,618.2,0.192838205814933,0.444230018728265,538.281561402326
OK,20201020,161834,NX,YDAS011DNS0101,20888,S3,4,0,4,230,226.136149278459,0.191334477457766,0.448510333721034,612.7,0.19293137466306,0.442127587174323,521.109382788524
OK,20201020,162040,NX,YDAS011DNS0101,20889,S3,4,0,4,230,226.136149278459,0.191512366536018,0.446867819975672,587.8,0.193109263741313,0.440485073428961,499.931606337676
OK,20201020,162229,NX,YDAS011DNS0101,20890,S3,5,0,5,235,229.595852422847,0.191068427760775,0.44941184111186,615.1,0.192471723230641,0.443778418814436,532.215591616505
OK,20201020,162419,NX,YDAS011DNS0101,20891,S3,5,0,5,235,229.595852422847,0.192650812299964,0.446882469715999,612.8,0.19405410776983,0.441249047418575,530.225515432603
OK,20201020,162616,NX,YDAS011DNS0101,20892,S3,5,0,5,235,229.595852422847,0.190547003058621,0.448273822599997,589.5,0.191950298528487,0.442640400302573,510.065178439164
OK,20201020,162728,NX,YDAS011DNS0101,20893,S3,4,0,4,235,231.136149278459,0.19016290467886,0.445867874470002,599.4,0.19149352163382,0.440439755580474,521.911950670583
OK,20201020,162852,NX,YDAS011DNS0101,20894,S3,4,0,4,235,231.136149278459,0.192675900005713,0.448652133815404,610.8,0.194006516960672,0.443224014925876,531.83820398664
OK,20201020,163005,NX,YDAS011DNS0101,20895,S3,3,0,3,230,227.777153166741,0.190918055578008,0.450225512859891,618.9,0.192443654059994,0.444050002591945,529.296311031816
OK,20201020,163138,NX,YDAS011DNS0101,20896,S3,4,0,4,235,231.136149278459,0.190881976991905,0.448733050953658,596.8,0.192212593946864,0.44330493206413,519.648068335341
OK,20201020,163243,NX,YDAS011DNS0101,20897,S3,3,0,3,230,227.777153166741,0.190262416147632,0.447366842867301,580.2,0.191788014629617,0.441191332599355,496.199256197544
OK,20201020,163349,NX,YDAS011DNS0101,20898,S3,3,0,3,230,227.777153166741,0.19226233374828,0.448363689969207,608.3,0.193787932230266,0.442188179701261,520.230967847235
OK,20201020,163455,NX,YDAS011DNS0101,20899,S3,3,0,3,230,227.777153166741,0.192816077834013,0.447692988059555,607.4,0.194341676315999,0.441517477791609,519.461268897601
OK,20201020,163606,NX,YDAS011DNS0101,20900,S3,3,0,3,230,227.777153166741,0.19110727601309,0.448454111785871,612.1,0.192632874495076,0.442278601517925,523.480807856802
OK,20201020,163735,NX,YDAS011DNS0101,20901,S3,3,0,3,230,227.777153166741,0.190081548763509,0.448642511436717,601.5,0.191607147245494,0.442467001168771,514.415464672221
OK,20201020,163844,NX,YDAS011DNS0101,20902,S3,3,0,3,230,227.777153166741,0.190811299889414,0.449306323514628,595.9,0.1923368983714,0.443130813246682,509.626226763385
OK,20201020,172558,NX,YDAS011DNS0101,20903,S3,49,0.5,49,290,264.988756126792,0.190829087540528,0.447043384282847,579.1,0.190829087608001,0.447043384497867,579.100000095341
OK,20201020,172704,NX,YDAS011DNS0101,20904,S3,49,0.5,49,280,254.988756126792,0.191725476821366,0.446100165280583,566.8,0.191725476888838,0.446100165495603,566.800000093316
OK,20201020,172809,NX,YDAS011DNS0101,20905,S3,49,0.5,49,270,245.210728070695,0.190778906216802,0.445697531126503,582.7,0.190957884119445,0.444260441642916,563.086636473384
OK,20201020,172925,NX,YDAS011DNS0101,20906,S3,3,0,3,225,222.777153166741,0.193076611268747,0.445950547223348,611.2,0.194854044760077,0.438875166821485,511.447938850086
OK,20201020,173028,NX,YDAS011DNS0101,20907,S3,3,0,3,225,222.777153166741,0.190824941511545,0.448809887091852,588.3,0.192602375002875,0.441734506689989,492.285377005081
OK,20201020,173130,NX,YDAS011DNS0101,20908,S3,3,0,3,225,222.777153166741,0.191197102678717,0.447371855525466,609.4,0.192974536170047,0.440296475123603,509.941711281483
OK,20201020,173305,NX,YDAS011DNS0101,20909,S3,3,0,3,225,222.777153166741,0.190484286406488,0.448328332072392,586,0.192261719897818,0.441252951670529,490.360752889644
OK,20201020,173621,NX,YDAS011DNS0101,20910,S3,3,0,3,230,227.777153166741,0.19157787597037,0.449952743693101,618.9,0.193103474452356,0.443777233425155,529.296311031816
OK,20201020,173715,NX,YDAS011DNS0101,20911,S3,3,0,3,225,222.777153166741,0.191718439970075,0.450614774094916,615.7,0.193495873461405,0.443539393693053,515.213507771594
OK,20201020,173815,NX,YDAS011DNS0101,20912,S3,3,0,3,230,227.777153166741,0.191505486177469,0.449347589706415,606.1,0.193031084659454,0.443172079438469,518.349481525907
OK,20201020,173921,NX,YDAS011DNS0101,20913,S3,3,0,3,230,227.777153166741,0.191424196018377,0.448937595712098,625.4,0.192949794500362,0.442762085444152,534.855247890286
OK,20201020,174045,NX,YDAS011DNS0101,20914,S3,3,0,3,225,222.777153166741,0.190404317974883,0.448342616213733,607.3,0.192181751466213,0.44126723581187,508.184445784779
OK,20201020,174224,NX,YDAS011DNS0101,20915,S3,4,0,4,230,226.136149278459,0.19125596317245,0.450327086797056,598.9,0.192852860377744,0.443944340250344,509.372301863958
OK,20201020,174351,NX,YDAS011DNS0101,20916,S3,4,0,4,230,226.136149278459,0.191198414834022,0.448616649135253,611.3,0.192795312039317,0.442233902588541,519.918664433857
OK,20201020,174458,NX,YDAS011DNS0101,20917,S3,3,0,3,230,227.777153166741,0.190538599188447,0.45056329863649,595.9,0.192064197670432,0.444387788368544,509.626226763385
OK,20201020,174603,NX,YDAS011DNS0101,20918,S3,3,0,3,225,222.777153166741,0.191629633247058,0.449406651364946,613.5,0.193407066738388,0.442331270963083,513.372562965523
OK,20201020,174712,NX,YDAS011DNS0101,20919,S3,3,0,3,225,222.777153166741,0.191638375157285,0.449561976211391,631.2,0.193415808648615,0.442486595809528,528.183800723453
OK,20201020,174830,NX,YDAS011DNS0101,20920,S3,3,0,3,230,227.777153166741,0.194073371944509,0.447292531870286,618.7,0.195598970426495,0.44111702160234,529.125266820786
OK,20201020,174942,NX,YDAS011DNS0101,20921,S3,3,0,3,230,227.777153166741,0.19020795034827,0.449294183124484,592,0.191733548830256,0.443118672856538,506.290864648304
OK,20201020,175116,NX,YDAS011DNS0101,20922,S3,3,0,3,230,227.777153166741,0.192989677143186,0.449933321259817,607.3,0.194515275625172,0.443757810991871,519.375746792086
OK,20201020,175245,NX,YDAS011DNS0101,20923,S3,4,0,4,230,226.136149278459,0.191001987178954,0.448088067780263,598.8,0.192598884384248,0.441705321233551,509.28725055291
OK,20201020,175423,NX,YDAS011DNS0101,20924,S3,4,0,4,230,226.136149278459,0.193407591897001,0.450281106252484,616.7,0.195004489102295,0.443898359705773,524.511435230427
OK,20201020,175556,NX,YDAS011DNS0101,20925,S3,4,0,4,230,226.136149278459,0.192673895794763,0.448467667283787,602.9,0.194270793000057,0.442084920737076,512.774354305861
OK,20201020,175750,NX,YDAS011DNS0101,20926,S3,5,0,5,230,224.595852422847,0.191593909309314,0.449920894685295,597.2,0.193253329925231,0.443357148584821,505.132728946112
OK,20201020,175942,NX,YDAS011DNS0101,20927,S3,5,0,5,230,224.595852422847,0.19197628092282,0.447941847830665,590.9,0.193635701538737,0.441378101730191,499.803967739882
OK,20201020,180059,NX,YDAS011DNS0101,20928,S3,5,0,5,230,224.595852422847,0.190638047536952,0.449378620627671,611.1,0.192297468152869,0.442814874527197,516.889837004302
OK,20201020,180249,NX,YDAS011DNS0101,20929,S3,4,0,4,235,231.136149278459,0.191077235061711,0.450456277752526,572.6,0.19240785201667,0.445028158862998,498.576548138097
OK,20201020,180414,NX,YDAS011DNS0101,20930,S3,4,0,4,230,226.136149278459,0.192310519738293,0.448945085642873,610.7,0.193907416943587,0.442562339096161,519.408356567572
OK,20201020,180552,NX,YDAS011DNS0101,20931,S3,4,0,4,230,226.136149278459,0.192572033863511,0.44851087590222,606.9,0.194168931068805,0.442128129355508,516.176406747764
OK,20201020,180724,NX,YDAS011DNS0101,20932,S3,4,0,4,230,226.136149278459,0.191172364780832,0.448793116576563,589.4,0.192769261986126,0.442410370029851,501.292427314437
OK,20201020,180856,NX,YDAS011DNS0101,20933,S3,4,0,4,230,226.136149278459,0.191384369165111,0.448169511869832,597.4,0.192981266370405,0.44178676532312,508.096532198244
OK,20201020,181027,NX,YDAS011DNS0101,20934,S3,4,0,4,230,226.136149278459,0.191575186803418,0.448781060523469,594.6,0.193172084008712,0.442398313976757,505.715095488912
OK,20201020,181220,NX,YDAS011DNS0101,20935,S3,4,0,4,235,231.136149278459,0.191344116193555,0.449973615217737,596.9,0.192674733148515,0.444545496328209,519.735140732851
OK,20201020,181511,NX,YDAS011DNS0101,20936,S3,6,0,6,235,228.1512388033,0.193887257537533,0.448455271103023,602.4,0.195354746788535,0.442541976097541,518.544128507367
OK,20201020,182021,NX,YDAS011DNS0101,20937,S3,9,0,9,250,239.344074805677,0.190755389319922,0.449670196365842,593.1,0.191462899790905,0.446276898920004,543.550007500128
OK,20201020,182223,NX,YDAS011DNS0101,20938,S3,10,0,10,250,238.235676853163,0.190817345778941,0.448946026934867,579.3,0.191585877784056,0.445302473896317,528.156770110604
OK,20201020,182412,NX,YDAS011DNS0101,20939,S3,9,0,9,245,234.344074805677,0.191463081017003,0.448921901035406,601.7,0.192464791955803,0.444438397251957,536.215817768246
OK,20201020,182600,NX,YDAS011DNS0101,20940,S3,5,0,5,235,229.595852422847,0.190046066299341,0.449257273302075,607.9,0.191449361769207,0.443623851004651,525.985787910378
OK,20201020,182808,NX,YDAS011DNS0101,20941,S3,5,0,5,235,229.595852422847,0.19271051529116,0.449567510288573,608.1,0.194113810761027,0.443934087991149,526.158838013326
OK,20201020,183009,NX,YDAS011DNS0101,20942,S3,5,0,5,235,229.595852422847,0.191267769809695,0.44890150267339,590.5,0.192671065279562,0.443268080375967,510.930428953904
OK,20201020,183135,NX,YDAS011DNS0101,20943,S3,5,0,5,235,229.595852422847,0.190407024725184,0.448767041890866,604.2,0.191810320195051,0.443133619593442,522.78436100584
OK,20201020,183321,NX,YDAS011DNS0101,20944,S3,5,0,5,235,229.595852422847,0.193076548025354,0.449634324719649,614.8,0.19447984349522,0.444000902422225,531.956016462083
OK,20201020,183519,NX,YDAS011DNS0101,20945,S3,5,0,5,235,229.595852422847,0.192056690837179,0.447552735662492,603.5,0.193459986307045,0.441919313365068,522.178685645522
OK,20201020,183907,NX,YDAS011DNS0101,20946,S3,7,0,7,245,236.797474225983,0.191065338059252,0.450436367284157,598.7,0.191940363667414,0.446381253178478,539.490081570132
OK,20201020,184205,NX,YDAS011DNS0101,20947,S3,8,0,8,245,235.52990931799,0.191288096135876,0.450833647556437,611.1,0.192230051932817,0.446503323105206,547.339982066742
OK,20201020,184556,NX,YDAS011DNS0101,20948,S3,10,0,10,255,243.235676853163,0.191659007923694,0.44948955513053,603.2,0.192117107126916,0.446999812884797,566.872850627255
OK,20201020,185257,NX,YDAS011DNS0101,20949,S3,13,0,13,260,245.334699355385,0.190879950367077,0.44863509461276,578.5,0.19119327645088,0.446751846872949,552.777470895693
OK,20201020,185643,NX,YDAS011DNS0101,20950,S3,14,0,14,255,239.496458255654,0.190971956416341,0.449666998392406,587.4,0.191643679634803,0.446500972219529,541.629729547692
OK,20201020,190055,NX,YDAS011DNS0101,20951,S3,14,0,14,260,244.496458255654,0.193890946794545,0.445962556336909,592.6,0.194255737468265,0.443973402237972,563.682821976111
OK,20201020,190420,NX,YDAS011DNS0101,20952,S3,11,0,11,255,242.200592461004,0.190868219277454,0.44820460047405,590.4,0.191388417963021,0.445468268115507,551.892971226261
OK,20201020,191505,NX,YDAS011DNS0101,20953,S3,18,0,18,270,251.695254888169,0.191157887595091,0.446897288678941,585.5,0.191157887595247,0.446397288679711,580.421623349109
OK,20201020,191915,NX,YDAS011DNS0101,20954,S3,18,0,18,270,251.695254888169,0.191435265965402,0.448825963407947,600.2,0.191435265965558,0.448325963408716,594.994121834561
OK,20201020,192055,NX,YDAS011DNS0101,20955,S3,16,0,16,260,242.99196034403,0.190197437674908,0.447277208657475,580.7,0.190650658544474,0.444923424842527,547.96759736843
OK,20201020,192334,NX,YDAS011DNS0101,20956,S3,8,0,8,245,235.52990931799,0.192425895541656,0.448024852790525,597.7,0.193367851338597,0.443694528339294,535.338090789219
OK,20201020,192556,NX,YDAS011DNS0101,20957,S3,6,0,6,235,228.1512388033,0.190432755650147,0.447020370933414,588.1,0.191900244901149,0.441107075927932,506.2347310345
OK,20201020,192657,NX,YDAS011DNS0101,20958,S3,6,0,6,235,228.1512388033,0.190229709792544,0.446932669562422,602.5,0.191697199043546,0.44101937455694,518.630208209975
OK,20201020,192802,NX,YDAS011DNS0101,20959,S3,4,0,4,230,226.136149278459,0.191660700063554,0.448179046362517,619,0.193257597268849,0.441796299815806,526.467615384521
OK,20201020,192910,NX,YDAS011DNS0101,20960,S3,3,0,3,230,227.777153166741,0.190807946804268,0.449754612711306,614,0.192333545286254,0.44357910244336,525.105727861585
OK,20201020,193037,NX,YDAS011DNS0101,20961,S3,3,0,3,235,232.777153166741,0.192155960286672,0.449289894141627,607.4,0.193404408393134,0.444094917213964,532.262825363808
OK,20201020,193210,NX,YDAS011DNS0101,20962,S3,4,0,4,230,226.136149278459,0.192296636964645,0.448332854268468,623.9,0.193893534169939,0.441950107721756,530.635129625853
OK,20201020,193335,NX,YDAS011DNS0101,20963,S3,4,0,4,230,226.136149278459,0.18935047997953,0.452113478221393,608.6,0.190947377184824,0.445730731674682,517.622279035573
OK,20201020,193455,NX,YDAS011DNS0101,20964,S3,4,0,4,230,226.136149278459,0.190635863803348,0.450454892872112,609,0.192232761008642,0.444072146325401,517.962484279763
OK,20201020,193624,NX,YDAS011DNS0101,20965,S3,4,0,4,230,226.136149278459,0.191935405418552,0.451189260178024,618.4,0.193532302623846,0.444806513631313,525.957307518236
OK,20201020,193744,NX,YDAS011DNS0101,20966,S3,4,0,4,230,226.136149278459,0.191032095131374,0.450970881905303,599.2,0.192628992336668,0.444588135358592,509.6274557971
OK,20201020,193905,NX,YDAS011DNS0101,20967,S3,4,0,4,230,226.136149278459,0.190664767102118,0.45377055513969,626.4,0.192261664307412,0.447387808592979,532.761412402042
OK,20201020,194037,NX,YDAS011DNS0101,20968,S3,4,0,4,230,226.136149278459,0.189830284183015,0.450789029675456,605.6,0.191427181388309,0.444406283128744,515.070739704145
OK,20201020,194226,NX,YDAS011DNS0101,20969,S3,4,0,4,235,231.136149278459,0.191220808421483,0.445807143952169,581.6,0.192551425376442,0.440379025062641,506.413063913932
OK,20201020,194418,NX,YDAS011DNS0101,20970,S3,5,0,5,235,229.595852422847,0.190318384795738,0.447006288161852,599.5,0.191721680265605,0.441372865864428,518.717683586563
OK,20201020,194542,NX,YDAS011DNS0101,20973,S3,5,0,5,235,229.595852422847,0.192449892975287,0.449649737302977,616.2,0.193853188445154,0.444016315005554,533.167367182719
OK,20201020,194657,NX,YDAS011DNS0101,20972,S3,4,0,4,230,226.136149278459,0.191215117006632,0.447878863721687,596.5,0.192812014211927,0.441496117174975,507.331070398816
OK,20201020,194817,NX,YDAS011DNS0101,20971,S3,4,0,4,230,226.136149278459,0.191079897130184,0.448757776187368,634,0.192676794335478,0.442375029640656,539.225312041658
OK,20201020,194931,NX,YDAS011DNS0101,20974,S3,3,0,3,235,232.777153166741,0.191116515270725,0.449753236535298,628.8,0.192364963377186,0.444558259607635,551.015582134939
OK,20201020,195048,NX,YDAS011DNS0101,20975,S3,3,0,3,230,227.777153166741,0.191408701764957,0.448294042328839,595.2,0.192934300246943,0.442118532060893,509.027572024781
OK,20201020,195213,NX,YDAS011DNS0101,20976,S3,3,0,3,230,227.777153166741,0.192004598912549,0.449687417662699,625.8,0.193530197394535,0.443511907394752,535.197336312345
OK,20201020,195344,NX,YDAS011DNS0101,20977,S3,4,0,4,230,226.136149278459,0.189202494256646,0.450221529373154,609.7,0.19079939146194,0.443838782826442,518.557843457096
OK,20201020,195459,NX,YDAS011DNS0101,20978,S3,4,0,4,230,226.136149278459,0.191321970227454,0.453458772356183,611.6,0.192918867432749,0.447076025809472,520.173818367
OK,20201020,195616,NX,YDAS011DNS0101,20979,S3,4,0,4,230,226.136149278459,0.19140516230287,0.45017846143461,592.8,0.193002059508164,0.443795714887899,504.184171890055
OK,20201020,195744,NX,YDAS011DNS0101,20980,S3,4,0,4,230,226.136149278459,0.190977297086622,0.451841566793335,618.3,0.192574194291916,0.445458820246624,525.872256207188
OK,20201020,195910,NX,YDAS011DNS0101,20981,S3,4,0,4,230,226.136149278459,0.190493565078944,0.451000066339392,604.3,0.192090462284238,0.444617319792681,513.965072660527
OK,20201020,200021,NX,YDAS011DNS0101,20982,S3,4,0,4,230,226.136149278459,0.189333962200586,0.452228548327325,596.6,0.19093085940588,0.445845801780614,507.416121709863
OK,20201020,200132,NX,YDAS011DNS0101,20983,S3,3,0,3,230,227.777153166741,0.190457709753317,0.452324932689742,621.6,0.191983308235303,0.446149422421796,531.605407880719
OK,20201020,200253,NX,YDAS011DNS0101,20984,S3,3,0,3,230,227.777153166741,0.19172683393833,0.450484662331964,627.4,0.193252432420316,0.444309152064018,536.565690000584
OK,20201020,200419,NX,YDAS011DNS0101,20985,S3,3,0,3,230,227.777153166741,0.191834831616919,0.451505509157389,613.3,0.193360430098905,0.445329998889443,524.507073122981
OK,20201020,200533,NX,YDAS011DNS0101,20986,S3,4,0,4,230,226.136149278459,0.189785334471214,0.452274666841725,612.4,0.191382231676508,0.445891920295014,520.854228855381
OK,20201020,200652,NX,YDAS011DNS0101,20987,S3,3,0,3,230,227.777153166741,0.190167158308751,0.451474926253687,612.2,0.191692756790737,0.445299415985741,523.566329962317
OK,20201020,200809,NX,YDAS011DNS0101,20988,S3,3,0,3,230,227.777153166741,0.190187665804212,0.451798054563914,613.1,0.191713264286197,0.445622544295968,524.336028911951
OK,20201020,200927,NX,YDAS011DNS0101,20989,S3,3,0,3,230,227.777153166741,0.190903174488394,0.453322727601417,626.9,0.19242877297038,0.447147217333471,536.13807947301
OK,20201020,201044,NX,YDAS011DNS0101,20990,S3,3,0,3,230,227.777153166741,0.190610343668465,0.453724008771789,629.9,0.19213594215045,0.447548498503843,538.703742638457
OK,20201020,201201,NX,YDAS011DNS0101,20991,S3,3,0,3,230,227.777153166741,0.190107953114719,0.450844373685108,616.7,0.191633551596705,0.444668863417162,527.414824710488
OK,20201020,201317,NX,YDAS011DNS0101,20992,S3,3,0,3,230,227.777153166741,0.190138980807412,0.450967902051621,605.7,0.191664579289398,0.444792391783675,518.007393103847
OK,20201020,201444,NX,YDAS011DNS0101,20993,S3,4,0,4,230,226.136149278459,0.1900204049857,0.45203189405797,612.9,0.191617302190994,0.445649147511258,521.279485410619
OK,20201020,201558,NX,YDAS011DNS0101,20994,S3,3,0,3,230,227.777153166741,0.191043307086614,0.451033464566929,611,0.1925689055686,0.444857954298983,522.540064696138
OK,20201020,201715,NX,YDAS011DNS0101,20995,S3,4,0,4,230,226.136149278459,0.191332284077818,0.448021287988188,613.6,0.192929181283112,0.441638541441476,521.874844587952
OK,20201020,201836,NX,YDAS011DNS0101,20996,S3,3,0,3,230,227.777153166741,0.191036511507181,0.449410426915186,606,0.192562109989167,0.44323491664724,518.263959420392
OK,20201020,201949,NX,YDAS011DNS0101,20997,S3,3,0,3,230,227.777153166741,0.191041869522882,0.447955209347614,613.4,0.192567468004868,0.441779699079668,524.592595228496
OK,20201020,202107,NX,YDAS011DNS0101,20998,S3,3,0,3,230,227.777153166741,0.191067872042226,0.448270209574704,607.7,0.192593470524212,0.442094699306757,519.717835214146
OK,20201020,202222,NX,YDAS011DNS0101,20999,S3,3,0,3,230,227.777153166741,0.192759793506273,0.446070075375058,613.5,0.194285391988259,0.439894565107112,524.678117334011
OK,20201020,202337,NX,YDAS011DNS0101,21000,S3,3,0,3,230,227.777153166741,0.190299396279108,0.447024518460717,604.7,0.191824994761094,0.440849008192771,517.152172048698
OK,20201020,202452,NX,YDAS011DNS0101,21001,S3,3,0,3,230,227.777153166741,0.192640831515463,0.44780572308482,620.4,0.194166429997448,0.441630212816874,530.57914261454
OK,20201020,202608,NX,YDAS011DNS0101,21002,S3,3,0,3,230,227.777153166741,0.190568454237956,0.446216873009097,603.9,0.192094052719942,0.440041362741151,516.467995204579
OK,20201020,202733,NX,YDAS011DNS0101,21003,S3,3,0,3,230,227.777153166741,0.19212860853796,0.44736068225261,608.5,0.193654207019946,0.441185171984664,520.402012058265
OK,20201020,202907,NX,YDAS011DNS0101,21004,S3,4,0,4,230,226.136149278459,0.190452900322802,0.447593661351854,610.1,0.192049797528096,0.441210914805142,518.898048701286
OK,20201020,203159,NX,YDAS011DNS0101,21005,S3,5,0,5,230,224.595852422847,0.191906835641239,0.449845867788814,612.9,0.193566256257156,0.44328212168834,518.412340206082
OK,20201020,203254,NX,YDAS011DNS0101,21006,S3,5,0,5,230,224.595852422847,0.190452498818379,0.447249931590338,599.3,0.192111919434295,0.440686185489864,506.908982681522
OK,20201020,203434,NX,YDAS011DNS0101,21007,S3,5,0,5,235,229.595852422847,0.192280818499418,0.447828980202961,598.2,0.193684113969284,0.442195557905538,517.592857917401
OK,20201020,203602,NX,YDAS011DNS0101,21008,S3,5,0,5,235,229.595852422847,0.191817055613219,0.448011182910905,594.7,0.193220351083085,0.442377760613481,514.564481115812
OK,20201020,203719,NX,YDAS011DNS0101,21009,S3,4,0,4,230,226.136149278459,0.191472912377217,0.447000708013574,610.3,0.193069809582511,0.440617961466863,519.068151323382
OK,20201020,203844,NX,YDAS011DNS0101,21010,S3,4,0,4,230,226.136149278459,0.191284452053127,0.44740407785738,612.7,0.192881349258422,0.441021331310669,521.109382788524
OK,20201020,204002,NX,YDAS011DNS0101,21011,S3,4,0,4,230,226.136149278459,0.189840042186676,0.448158099590689,594.9,0.19143693939197,0.441775353043977,505.970249422054
OK,20201020,204117,NX,YDAS011DNS0101,21012,S3,3,0,3,230,227.777153166741,0.191533679946204,0.448516507847993,607.7,0.19305927842819,0.442340997580047,519.717835214146
OK,20201020,204235,NX,YDAS011DNS0101,21013,S3,3,0,3,230,227.777153166741,0.192721529400151,0.446283439176072,602.8,0.194247127882137,0.440107928908126,515.527252043915
OK,20201020,204359,NX,YDAS011DNS0101,21014,S3,3,0,3,230,227.777153166741,0.191063021392583,0.448030065251507,602.7,0.192588619874568,0.441854554983561,515.4417299384
OK,20201020,204514,NX,YDAS011DNS0101,21015,S3,3,0,3,230,227.777153166741,0.191437510291454,0.448518030627367,605.3,0.19296310877344,0.442342520359421,517.665304681788
OK,20201020,204625,NX,YDAS011DNS0101,21016,S3,3,0,3,230,227.777153166741,0.19347820832024,0.445623534530687,614.5,0.195003806802225,0.439448024262741,525.53333838916
OK,20201020,204739,NX,YDAS011DNS0101,21017,S3,3,0,3,230,227.777153166741,0.190729180502059,0.448191990968256,599.9,0.192254778984044,0.44201648070031,513.047110983982
OK,20201020,204854,NX,YDAS011DNS0101,21018,S3,3,0,3,230,227.777153166741,0.190856635596982,0.447773339251369,605.3,0.192382234078968,0.441597828983423,517.665304681788
OK,20201020,205122,NX,YDAS011DNS0101,21019,S3,4,0,4,235,231.136149278459,0.190944979435424,0.444715151715366,598.3,0.192275596390383,0.439287032825838,520.95415429798
OK,20201020,205306,NX,YDAS011DNS0101,21020,S3,5,0,5,235,229.595852422847,0.191698336705987,0.449089383544741,606.6,0.193101632175854,0.443455961247318,524.860962241216
OK,20201020,205405,NX,YDAS011DNS0101,21021,S3,5,0,5,235,229.595852422847,0.190509230578615,0.448345929872383,603.1,0.191912526048481,0.442712507574959,521.832585439627
OK,20201020,205508,NX,YDAS011DNS0101,21022,S3,3,0,3,230,227.777153166741,0.190500100421771,0.447153042779675,593.7,0.192025698903757,0.440977532511729,507.744740442057
OK,20201020,205618,NX,YDAS011DNS0101,21023,S3,3,0,3,225,222.777153166741,0.190675121223424,0.445803804550541,597.6,0.192452554714754,0.438728424148678,500.067552776197
OK,20201020,205734,NX,YDAS011DNS0101,21024,S3,3,0,3,230,227.777153166741,0.190580575504261,0.446768309640269,606.9,0.192106173986247,0.440592799372323,519.033658370026
OK,20201020,205850,NX,YDAS011DNS0101,21025,S3,3,0,3,230,227.777153166741,0.191908151090122,0.446136388288596,594.1,0.193433749572107,0.43996087802065,508.086828864117
OK,20201020,210025,NX,YDAS011DNS0101,21026,S3,4,0,4,230,226.136149278459,0.190700716136898,0.446152479835942,614,0.192297613342192,0.439769733289231,522.215049832142
OK,20201020,210225,NX,YDAS011DNS0101,21027,S3,4,0,4,235,231.136149278459,0.190751255374315,0.447947093767436,606.6,0.192081872329274,0.442518974877908,528.18116329125
OK,20201020,210404,NX,YDAS011DNS0101,21028,S3,5,0,5,235,229.595852422847,0.191300535089357,0.448987877262356,614.4,0.192703830559224,0.443354454964933,531.609916256187
OK,20201020,210521,NX,YDAS011DNS0101,21029,S3,5,0,5,230,224.595852422847,0.192407029153092,0.447348874896605,588.9,0.194066449769008,0.440785128796131,498.112297515682
OK,20201020,210634,NX,YDAS011DNS0101,21030,S3,4,0,4,230,226.136149278459,0.192071304390411,0.447807243076471,609.6,0.193668201595705,0.441424496529759,518.472792146049
OK,20201020,210749,NX,YDAS011DNS0101,21031,S3,3,0,3,230,227.777153166741,0.193088279401473,0.445621021761589,594.3,0.194613877883459,0.439445511493643,508.257873075147
OK,20201020,210900,NX,YDAS011DNS0101,21032,S3,3,0,3,230,227.777153166741,0.191997084427363,0.446380796978406,598.8,0.193522682909349,0.44020528671046,512.106367823318
OK,20201020,211040,NX,YDAS011DNS0101,21033,S3,4,0,4,230,226.136149278459,0.191483523336743,0.444832489335695,594.4,0.193080420542037,0.438449742788983,505.544992866816
OK,20201020,211144,NX,YDAS011DNS0101,21034,S3,3,0,3,230,227.777153166741,0.191754935600975,0.446964045949575,599.2,0.19328053408296,0.440788535681629,512.448456245378
OK,20201020,211254,NX,YDAS011DNS0101,21035,S3,3,0,3,230,227.777153166741,0.191462009783462,0.445289413493163,592.7,0.192987608265447,0.439113903225217,506.889519386908
OK,20201020,211411,NX,YDAS011DNS0101,21036,S3,3,0,3,230,227.777153166741,0.190691570580807,0.447700954943504,602.7,0.192217169062793,0.441525444675558,515.4417299384
OK,20201020,211522,NX,YDAS011DNS0101,21037,S3,3,0,3,225,222.777153166741,0.192805039787798,0.449552387267905,602.6,0.194582473279128,0.442477006866042,504.251518244538
OK,20201020,211637,NX,YDAS011DNS0101,21038,S3,3,0,3,225,222.777153166741,0.192780161823959,0.448054181544207,607.9,0.194557595315289,0.440978801142344,508.686521640981
OK,20201020,211748,NX,YDAS011DNS0101,21039,S3,3,0,3,225,222.777153166741,0.19122311285393,0.448565332366728,605,0.19300054634526,0.441489951964865,506.259821669342
OK,20201020,211922,NX,YDAS011DNS0101,21040,S3,4,0,4,230,226.136149278459,0.19262987012987,0.448758116883117,614.3,0.194226767335164,0.442375370336405,522.470203765285
OK,20201020,212033,NX,YDAS011DNS0101,21041,S3,3,0,3,230,227.777153166741,0.19239841451256,0.449967171655764,616.8,0.193924012994546,0.443791661387818,527.500346816003
OK,20201020,212145,NX,YDAS011DNS0101,21042,S3,3,0,3,230,227.777153166741,0.193102770198855,0.447680849494875,607.1,0.19462836868084,0.441505339226929,519.204702581056
OK,20201020,212257,NX,YDAS011DNS0101,21043,S3,3,0,3,225,222.777153166741,0.191927209053047,0.449510281230311,610.4,0.193704642544377,0.442434900828448,510.778504375151
OK,20201020,212403,NX,YDAS011DNS0101,21044,S3,3,0,3,225,222.777153166741,0.191099734173476,0.449763709756818,609.1,0.192877167664806,0.442688329354955,509.690673353383
OK,20201020,212514,NX,YDAS011DNS0101,21045,S3,3,0,3,230,227.777153166741,0.192461601130999,0.449212853137805,624.9,0.193987199612985,0.443037342869859,534.427637362711
OK,20201020,212620,NX,YDAS011DNS0101,21046,S3,3,0,3,230,227.777153166741,0.19104111609103,0.449153735905954,602.4,0.192566714573016,0.442978225638008,515.185163621855
OK,20201020,212727,NX,YDAS011DNS0101,21047,S3,3,0,3,230,227.777153166741,0.191066304375428,0.449554330988598,590.1,0.192591902857414,0.443378820720652,504.66594464352
OK,20201020,212840,NX,YDAS011DNS0101,21048,S3,3,0,3,230,227.777153166741,0.191236931751439,0.449161786175765,594.8,0.192762530233425,0.442986275907819,508.685483602721
OK,20201020,212941,NX,YDAS011DNS0101,21049,S3,3,0,3,230,227.777153166741,0.192395114356366,0.446751646448583,596.2,0.193920712838351,0.440576136180637,509.88279307993
OK,20201020,213049,NX,YDAS011DNS0101,21050,S3,3,0,3,230,227.777153166741,0.191179835888718,0.450382490437739,612.3,0.192705434370704,0.444206980169793,523.651852067832
OK,20201020,213215,NX,YDAS011DNS0101,21051,S3,3,0,3,225,222.777153166741,0.191633110373528,0.450053072296261,593.6,0.193410543864858,0.442977691894398,496.720380401523
OK,20201020,213309,NX,YDAS011DNS0101,21052,S3,3,0,3,225,222.777153166741,0.190982847899139,0.447947501396683,596.9,0.192760281390469,0.44087212099482,499.481797610629
OK,20201020,213509,NX,YDAS011DNS0101,21053,S3,4,0,4,225,221.136149278459,0.190870554346225,0.447282279579044,607.3,0.192708629537189,0.440025601296603,505.794977009812
OK,20201020,213609,NX,YDAS011DNS0101,21054,S3,3,0,3,225,222.777153166741,0.191845722674496,0.448994061123716,598.1,0.193623156165826,0.441918680721853,500.485949323031
OK,20201020,213709,NX,YDAS011DNS0101,21055,S3,3,0,3,225,222.777153166741,0.191678479112816,0.448086383723839,597.1,0.193455912604146,0.441011003321976,499.649156229363
OK,20201020,213913,NX,YDAS011DNS0101,21056,S3,3,0,3,230,227.777153166741,0.191733904165981,0.447184258191997,603.5,0.193259502647966,0.441008747924051,516.125906782519
OK,20201020,214006,NX,YDAS011DNS0101,21057,S3,3,0,3,225,222.777153166741,0.191630917824758,0.448200570268951,581.6,0.193408351316088,0.441125189867088,486.678863277503
OK,20201020,214112,NX,YDAS011DNS0101,21058,S3,3,0,3,225,222.777153166741,0.191887032118643,0.448151569639882,603.7,0.193664465609973,0.441076189238019,505.171990647574
OK,20201020,214312,NX,YDAS011DNS0101,21059,S3,3,0,3,225,222.777153166741,0.191491687619304,0.451139010587038,596.1,0.193269121110634,0.444063630185175,498.812363135694
OK,20201020,214506,NX,YDAS011DNS0101,21060,S3,3,0,3,230,227.777153166741,0.191028634631928,0.44876490106919,608.6,0.192554233113914,0.442589390801244,520.48753416378
OK,20201020,214600,NX,YDAS011DNS0101,21062,S3,3,0,3,225,222.777153166741,0.192574009031611,0.447892624184646,595.1,0.194351442522941,0.440817243782783,497.975570042026
OK,20201020,214831,NX,YDAS011DNS0101,21063,S3,3,0,3,225,222.777153166741,0.191061809774455,0.449073960203655,608.6,0.192839243265785,0.441998579801792,509.272276806548
OK,20201020,214950,NX,YDAS011DNS0101,21064,S3,3,0,3,225,222.777153166741,0.192957919273709,0.448656606551343,609.5,0.194735352765039,0.44158122614948,510.02539059085
OK,20201020,215134,NX,YDAS011DNS0101,21065,S3,3,0,3,230,227.777153166741,0.191766799093324,0.449608813278413,614.9,0.19329239757531,0.443433303010467,525.87542681122
OK,20201020,215229,NX,YDAS011DNS0101,21066,S3,3,0,3,230,227.777153166741,0.192499730891206,0.450935256564184,605.1,0.194025329373191,0.444759746296238,517.494260470758
OK,20201020,215412,NX,YDAS011DNS0101,21067,S3,4,0,4,230,226.136149278459,0.191225206509373,0.450289360439234,606.9,0.192822103714667,0.443906613892523,516.176406747764
OK,20201020,215518,NX,YDAS011DNS0101,21068,S3,4,0,4,230,226.136149278459,0.190841194968553,0.449513561320755,609.9,0.192438092173848,0.443130814774043,518.727946079191
OK,20201020,215619,NX,YDAS011DNS0101,21069,S3,3,0,3,225,222.777153166741,0.190419635787807,0.44937648456057,605.4,0.192197069279137,0.442301104158707,506.59453890681
OK,20201020,215720,NX,YDAS011DNS0101,21061,S3,3,0,3,225,222.777153166741,0.191180822728618,0.450503107428233,608.9,0.192958256219948,0.44342772702637,509.523314734649
OK,20201020,215843,NX,YDAS011DNS0101,21070,S3,3,1,63,225,222.777153166741,0.192618468519939,0.449037723837352,611.3,0.194395902011269,0.441962343435489,511.531618159453
OK,20201020,215937,NX,YDAS011DNS0101,21071,S3,3,0,3,225,222.777153166741,0.192144058573266,0.446052241021075,601.1,0.193921492064596,0.438976860619212,502.996328604036
OK,20201020,220040,NX,YDAS011DNS0101,21072,S3,3,0,3,225,222.777153166741,0.190464759389923,0.449841822343773,583,0.192242192881253,0.44276644194191,487.850373608639
OK,20201020,220240,NX,YDAS011DNS0101,21073,S3,3,0,3,225,222.777153166741,0.191155137397936,0.448899573092386,601.7,0.192932570889266,0.441824192690523,503.498404460237
OK,20201020,220335,NX,YDAS011DNS0101,21074,S3,3,0,3,225,222.777153166741,0.192269176847587,0.448603044261967,597.3,0.194046610338917,0.441527663860104,499.816514848096
OK,20201020,220437,NX,YDAS011DNS0101,21075,S3,3,0,3,225,222.777153166741,0.19139096983195,0.45103867179591,618.8,0.19316840332328,0.443963291394047,517.807566361965
OK,20201020,220540,NX,YDAS011DNS0101,21076,S3,3,0,3,225,222.777153166741,0.191885220099737,0.448665484848987,601.8,0.193662653591067,0.441590104447124,503.582083769604
OK,20201020,220641,NX,YDAS011DNS0101,21077,S3,3,0,3,225,222.777153166741,0.190801296516637,0.447396709473598,605.8,0.192578730007967,0.440321329071735,506.929256144277
OK,20201020,220754,NX,YDAS011DNS0101,21078,S3,3,0,3,230,227.777153166741,0.19280248053833,0.449242974007125,605.3,0.194328079020315,0.443067463739179,517.665304681788
OK,20201020,220859,NX,YDAS011DNS0101,21079,S3,3,0,3,230,227.777153166741,0.192148401656623,0.450189718026933,605.1,0.193674000138608,0.444014207758986,517.494260470758
OK,20201020,221107,NX,YDAS011DNS0101,21080,S3,3,0,3,225,222.777153166741,0.191285410239066,0.450809259045388,607.2,0.193062843730396,0.443733878643525,508.100766475413
OK,20201020,221201,NX,YDAS011DNS0101,21081,S3,3,0,3,225,222.777153166741,0.191665112961147,0.45006930877668,616.9,0.193442546452477,0.442993928374817,516.217659483995
OK,20201020,221305,NX,YDAS011DNS0101,21082,S3,3,0,3,225,222.777153166741,0.190869934032267,0.450063002890721,607.2,0.192647367523597,0.442987622488858,508.100766475413
OK,20201020,221406,NX,YDAS011DNS0101,21083,S3,3,0,3,225,222.777153166741,0.19185289065547,0.451086640831805,604,0.1936303241468,0.444011260429942,505.423028575674
OK,20201020,221610,NX,YDAS011DNS0101,21084,S3,3,0,3,230,227.777153166741,0.192477688777497,0.448544478501634,588.6,0.194003287259483,0.442368968233688,503.383113060797
OK,20201020,221705,NX,YDAS011DNS0101,21085,S3,3,0,3,230,227.777153166741,0.19155502911196,0.449692197327372,599,0.193080627593946,0.443516687059426,512.277412034348
OK,20201020,221806,NX,YDAS011DNS0101,21086,S3,3,0,3,230,227.777153166741,0.193398680396707,0.447112645234812,601.6,0.194924278878692,0.440937134966866,514.500986777736
OK,20201020,221908,NX,YDAS011DNS0101,21087,S3,3,0,3,230,227.777153166741,0.191373269771983,0.449124937436924,608.2,0.192898868253969,0.442949427168978,520.14544574172
OK,20201020,222132,NX,YDAS011DNS0101,21088,S3,3,0,3,230,227.777153166741,0.19176554102018,0.449193793732887,590.6,0.193291139502166,0.443018283464941,505.093555171095
OK,20201020,222245,NX,YDAS011DNS0101,21089,S3,3,0,3,225,222.777153166741,0.193987882033944,0.4476199243464,594.3,0.195765315525274,0.440544543944537,497.306135567091
OK,20201020,222340,NX,YDAS011DNS0101,21090,S3,3,0,3,225,222.777153166741,0.192181149603251,0.449970969614864,620,0.193958583094581,0.442895589213001,518.811718074367
OK,20201020,222530,NX,YDAS011DNS0101,21091,S3,3,0,3,230,227.777153166741,0.192086853220697,0.448084411298838,603.5,0.193612451702683,0.441908901030892,516.125906782519
OK,20201020,222626,NX,YDAS011DNS0101,21092,S3,3,0,3,230,227.777153166741,0.19374183875804,0.447163515016685,616.4,0.195267437240026,0.440988004748739,527.158258393943
OK,20201020,222735,NX,YDAS011DNS0101,21093,S3,3,0,3,230,227.777153166741,0.191424047565192,0.449243868549456,617.9,0.192949646047178,0.443068358281509,528.441089976667
OK,20201020,222847,NX,YDAS011DNS0101,21094,S3,3,0,3,230,227.777153166741,0.192075775700022,0.447696701901716,611.3,0.193601374182008,0.44152119163377,522.796631012683
OK,20201020,223001,NX,YDAS011DNS0101,21095,S3,3,0,3,230,227.777153166741,0.191995581079874,0.450705483847385,616.5,0.193521179561859,0.444529973579439,527.243780499458
OK,20201020,223110,NX,YDAS011DNS0101,21096,S3,3,0,3,230,227.777153166741,0.191863039307325,0.447262262016038,606.1,0.193388637789311,0.441086751748092,518.349481525907
OK,20201020,223300,NX,YDAS011DNS0101,21097,S3,3,0,3,230,227.777153166741,0.190701657180275,0.447967561577595,592.9,0.192227255662261,0.441792051309649,507.060563597938
OK,20201020,223448,NX,YDAS011DNS0101,21098,S3,3,0,3,230,227.777153166741,0.191200990507635,0.448328518365662,603.5,0.192726588989621,0.442153008097716,516.125906782519
OK,20201020,223631,NX,YDAS011DNS0101,21099,S3,3,0,3,230,227.777153166741,0.193110244303018,0.448318620406487,606.6,0.194635842785003,0.442143110138541,518.777092053482
OK,20201020,223726,NX,YDAS011DNS0101,21100,S3,3,0,3,230,227.777153166741,0.192607099143207,0.449155446756426,611.6,0.194132697625193,0.44297993648848,523.053197329227
OK,20201020,223827,NX,YDAS011DNS0101,21101,S3,3,0,3,230,227.777153166741,0.19290455044645,0.449362555507807,627.4,0.194430148928436,0.443187045239861,536.565690000584
OK,20201020,224018,NX,YDAS011DNS0101,21102,S3,3,0,3,230,227.777153166741,0.191747393935424,0.450003684930273,610.6,0.193272992417409,0.443828174662327,522.197976274078
OK,20201020,224251,NX,YDAS011DNS0101,21105,S3,3,0,3,230,227.777153166741,0.189762219286658,0.446730515191546,601.2,0.191287817768643,0.4405550049236,514.158898355676
OK,20201020,224428,NX,YDAS011DNS0101,21106,S3,3,0,3,230,227.777153166741,0.19201301342009,0.446888979259862,610.5,0.193538611902075,0.440713468991916,522.112454168563
OK,20201020,224638,NX,YDAS011DNS0101,21108,S3,3,0,3,230,227.777153166741,0.191151733110152,0.448064700569279,600.8,0.192677331592137,0.441889190301333,513.816809933616
OK,20201020,224811,NX,YDAS011DNS0101,21109,S3,3,0,3,230,227.777153166741,0.19111402860063,0.446010286920322,596.4,0.192639627082616,0.439834776652376,510.05383729096
OK,20201020,224939,NX,YDAS011DNS0101,21110,S3,3,0,3,230,227.777153166741,0.191795897948975,0.44752376188094,596.4,0.19332149643096,0.441348251612994,510.05383729096
OK,20201020,225343,NX,YDAS011DNS0101,21111,S3,3,0,3,225,222.777153166741,0.191172539856353,0.448451874908389,577.9,0.192949973347683,0.441376494506526,483.58272883093
OK,20201020,225437,NX,YDAS011DNS0101,21112,S3,3,0,3,225,222.777153166741,0.191054499747727,0.448912572030485,563.5,0.192831933239057,0.441837191628622,471.532908282106
OK,20201020,225634,NX,YDAS011DNS0101,21104,S3,3,0,3,230,227.777153166741,0.191842940595908,0.452212649043719,565.1,0.193368539077894,0.446037138775773,483.285418264791
OK,20201020,225728,NX,YDAS011DNS0101,21113,S3,3,0,3,225,222.777153166741,0.192862902868486,0.448536514041135,562.4,0.194640336359816,0.441461133639272,470.612435879071
OK,20201020,225833,NX,YDAS011DNS0101,21114,S3,3,0,3,230,227.777153166741,0.191068729949714,0.448993840198669,564.5,0.1925943284317,0.442818329930723,482.772285631702
OK,20201020,225939,NX,YDAS011DNS0101,21115,S3,3,0,3,230,227.777153166741,0.19029451198114,0.448570631585578,553.9,0.191820110463125,0.442395121317632,473.706942447121
OK,20201020,230055,NX,YDAS011DNS0101,21116,S3,3,0,3,230,227.777153166741,0.192123415678412,0.449327194264161,587.7,0.193649014160398,0.443151683996215,502.613414111162
OK,20201020,230204,NX,YDAS011DNS0101,21117,S3,3,0,3,230,227.777153166741,0.192344909149554,0.448903343726481,556.7,0.193870507631539,0.442727833458535,476.101561401538
OK,20201020,230323,NX,YDAS011DNS0101,21118,S3,3,0,3,230,227.777153166741,0.194318084284611,0.450115869882414,582.7,0.195843682766596,0.443940359614467,498.337308835417
OK,20201020,230434,NX,YDAS011DNS0101,21119,S3,3,0,3,230,227.777153166741,0.191575917997548,0.449832122364143,562.7,0.193101516479534,0.443656612096197,481.232887732433
OK,20201020,230549,NX,YDAS011DNS0101,21120,S3,3,0,3,230,227.777153166741,0.192619742367091,0.449887908333926,561.9,0.194145340849077,0.44371239806598,480.548710888314
OK,20201020,230805,NX,YDAS011DNS0101,21121,S3,4,0,4,235,231.136149278459,0.191292363148037,0.450922359260699,567.1,0.192622980102996,0.445494240371171,493.787566275087
OK,20201020,230859,NX,YDAS011DNS0101,21122,S3,3,0,3,230,227.777153166741,0.19211662882603,0.449546765905871,585.2,0.193642227308016,0.443371255637925,500.475361473289
OK,20201020,231004,NX,YDAS011DNS0101,21123,S3,3,0,3,230,227.777153166741,0.192021035916437,0.450180563974286,585.9,0.193546634398423,0.44400505370634,501.074016211894
OK,20201020,231106,NX,YDAS011DNS0101,21124,S3,3,0,3,230,227.777153166741,0.191873993198496,0.449973151959907,586.6,0.193399591680482,0.443797641691961,501.672670950498
OK,20201020,231213,NX,YDAS011DNS0101,21125,S3,3,0,3,230,227.777153166741,0.192100100353497,0.449556546031516,552.5,0.193625698835483,0.44338103576357,472.509632969912
OK,20201020,231319,NX,YDAS011DNS0101,21126,S3,3,0,3,230,227.777153166741,0.191508333904932,0.450030866314562,583.2,0.193033932386917,0.443855356046616,498.764919362991
OK,20201020,231426,NX,YDAS011DNS0101,21127,S3,3,0,3,225,222.777153166741,0.191282042146891,0.44986372624116,561.2,0.193059475638221,0.442788345839297,469.608284166669
OK,20201020,231544,NX,YDAS011DNS0101,21128,S3,3,0,3,230,227.777153166741,0.192099286467927,0.447271946923228,555.8,0.193624884949912,0.441096436655282,475.331862451904
OK,20201020,231651,NX,YDAS011DNS0101,21129,S3,3,0,3,230,227.777153166741,0.191885327221101,0.450523416920393,585.3,0.193410925703087,0.444347906652447,500.560883578804
OK,20201020,231803,NX,YDAS011DNS0101,21130,S3,3,0,3,230,227.777153166741,0.191576086956522,0.450485994983278,574.7,0.193101685438507,0.444310484715332,491.495540394223
OK,20201020,231923,NX,YDAS011DNS0101,21131,S3,3,0,3,225,222.777153166741,0.191636033386671,0.44651645547723,573.6,0.193413466878001,0.439441075075368,479.984518528157
OK,20201020,234725,NX,YDAS011DNS0101,21132,S3,30,0.5,30,285,259.988756126792,0.191288585594711,0.446633256917418,558.5,0.191288585662184,0.446633257132437,558.50000009195
OK,20201020,234831,NX,YDAS011DNS0101,21133,S3,30,0.5,30,280,254.988756126792,0.192107235768773,0.446606993253671,562.7,0.192107235836245,0.44660699346869,562.700000092641
OK,20201020,234939,NX,YDAS011DNS0101,21134,S3,30,0.5,30,270,247.082913350469,0.191622718612806,0.446806748212166,539.4,0.191802869222097,0.445751472559616,526.518394725237
OK,20201020,235157,NX,YDAS011DNS0101,21135,S3,4,0,4,230,226.136149278459,0.19049310470372,0.447550460426416,560,0.192090001909014,0.441167713879705,476.287341866449
OK,20201020,235252,NX,YDAS011DNS0101,21136,S3,3,0,3,230,227.777153166741,0.192318644243298,0.445919010104322,574.2,0.193844242725283,0.439743499836376,491.067929866649
OK,20201020,235357,NX,YDAS011DNS0101,21137,S3,3,0,3,230,227.777153166741,0.191665507165716,0.450031306525671,575,0.193191105647702,0.443855796257725,491.752106710768
OK,20201020,235501,NX,YDAS011DNS0101,21138,S3,3,0,3,230,227.777153166741,0.190697061536434,0.449466332850178,568.5,0.19222266001842,0.443290822582232,486.193169852298
OK,20201020,235653,NX,YDAS011DNS0101,21139,S3,3,0,3,225,222.777153166741,0.190211404291035,0.450401300949483,572.4,0.191988837782365,0.44332592054762,478.980366815755
OK,20201020,235829,NX,YDAS011DNS0101,21140,S3,3,0,3,225,222.777153166741,0.191801182122982,0.450295530745567,579,0.193578615614312,0.443220150343704,484.503201233966
OK,20201020,235923,NX,YDAS011DNS0101,21141,S3,3,0,3,225,222.777153166741,0.193538539811753,0.448359196133299,587.5,0.195315973303083,0.441283815731436,491.615942530147
